Workbook

Sheet IsotopeData
A1: Element | B1: MainMass | C1: MainAbund | D1: +1Mass | E1: +1Abund | F1: +1Ratio | G1: +1Delta | H1: +2Mass | I1: +2Abund | J1: +2Ratio | K1: +2Delta
A2: e | B2: 0.00054857991 | C2: 1 | D2: 0 | E2: 0 | F2: 0 | G2: 0 | H2: 0 | I2: 0 | J2: 0 | K2: 0
A3: H | B3: 1.007825 | C3: 0.999885 | D3: 2.0141018 | E3: 0.000115 | F3: 0.00011501323 | G3: 1.0062767 | H3: 0 | I3: 0 | J3: 0 | K3: 0
A4: C | B4: 12 | C4: 0.9893 | D4: 13.003355 | E4: 0.0107 | F4: 0.010815728 | G4: 1.0033548 | H4: 0 | I4: 0 | J4: 0 | K4: 0
A5: N | B5: 14.003074 | C5: 0.99636 | D5: 15.000109 | E5: 0.00364 | F5: 0.003653298 | G5: 0.99703489 | H5: 0 | I5: 0 | J5: 0 | K5: 0
A6: O | B6: 15.994915 | C6: 0.99757 | D6: 16.999132 | E6: 0.00038 | F6: 0.00038092565 | G6: 1.0042171 | H6: 17.99916 | I6: 0.00205 | J6: 0.0020549936 | K6: 2.004245
A7: F | B7: 18.998403 | C7: 1 | D7: 0 | E7: 0 | F7: 0 | G7: 0 | H7: 0 | I7: 0 | J7: 0 | K7: 0
A8: Si | B8: 27.976927 | C8: 0.92223 | D8: 28.976495 | E8: 0.04685 | F8: 0.050800776 | G8: 0.99956813 | H8: 29.97377 | I8: 0.03092 | J8: 0.033527428 | K8: 1.9968436
A9: P | B9: 30.973762 | C9: 1 | D9: 0 | E9: 0 | F9: 0 | G9: 0 | H9: 0 | I9: 0 | J9: 0 | K9: 0
A10: S | B10: 31.972071 | C10: 0.9499 | D10: 32.971459 | E10: 0.0075 | F10: 0.007895568 | G10: 0.99938774 | H10: 33.967867 | I10: 0.0425 | J10: 0.044741552 | K10: 1.9957958
A11: Cl | B11: 34.968853 | C11: 0.7576 | D11: 0 | E11: 0 | F11: 0 | G11: 0 | H11: 36.965903 | I11: 0.2424 | J11: 0.31995776 | K11: 1.9970499
A12: Br | B12: 78.918338 | C12: 0.5069 | D12: 0 | E12: 0 | F12: 0 | G12: 0 | H12: 80.91629 | I12: 0.4931 | J12: 0.9727757 | K12: 1.997952
A13: I | B13: 126.90447 | C13: 1 | D13: 0 | E13: 0 | F13: 0 | G13: 0 | H13: 0 | I13: 0 | J13: 0 | K13: 0
... A21: Zn | B21: 63.929142 | C21: 0.4917 | D21: 64.929241 | E21: 0.2773 | F21: 0.56396177 | G21: 1.0000987 | H21: 65.926034 | I21: 0.0404 | J21: 0.082163921 | K21: 1.9968916

Sheet Calculator
A1: 同位素精确质量 / m/z 计算器 (NIST)
A3: 元素 | B3: C | C3: H | D3: O | E3: N | F3: S
A4: 原子个数 | B4: 134 | C4: 198 | D4: 35 | E4: 28 | F4: 2
B5: =IF(B3="","",B3&SUBSTITUTE(SUBSTITUTE(SUBSTITUTE(SUBSTITUTE(SUBSTITUTE(SUBSTITUTE(SUBSTITUTE(SUBSTITUTE(SUBSTITUTE(SUBSTITUTE(TEXT(B4,"0"),"0","₀"),"1","₁"),"2","₂"),"3","₃"),"4","₄"),"5","₅"),"6","₆"),"7","₇"),"8","₈"),"9","₉")) -> C₁₃₄ | C5: =IF(C3="","",C3&SUBSTITUTE(SUBSTITUTE(SUBSTITUTE(SUBSTITUTE(SUBSTITUTE(SUBSTITUTE(SUBSTITUTE(SUBSTITUTE(SUBSTITUTE(SUBSTITUTE(TEXT(C4,"0"),"0","₀"),"1","₁"),"2","₂"),"3","₃"),"4","₄"),"5","₅"),"6","₆"),"7","₇"),"8","₈"),"9","₉")) -> H₁₉₈ | D5: =IF(D3="","",D3&SUBSTITUTE(SUBSTITUTE(SUBSTITUTE(SUBSTITUTE(SUBSTITUTE(SUBSTITUTE(SUBSTITUTE(SUBSTITUTE(SUBSTITUTE(SUBSTITUTE(TEXT(D4,"0"),"0","₀"),"1","₁"),"2","₂"),"3","₃"),"4","₄"),"5","₅"),"6","₆"),"7","₇"),"8","₈"),"9","₉")) -> O₃₅ | E5: =IF(E3="","",E3&SUBSTITUTE(SUBSTITUTE(SUBSTITUTE(SUBSTITUTE(SUBSTITUTE(SUBSTITUTE(SUBSTITUTE(SUBSTITUTE(SUBSTITUTE(SUBSTITUTE(TEXT(E4,"0"),"0","₀"),"1","₁"),"2","₂"),"3","₃"),"4","₄"),"5","₅"),"6","₆"),"7","₇"),"8","₈"),"9","₉")) -> N₂₈ | F5: =IF(F3="","",F3&SUBSTITUTE(SUBSTITUTE(SUBSTITUTE(SUBSTITUTE(SUBSTITUTE(SUBSTITUTE(SUBSTITUTE(SUBSTITUTE(SUBSTITUTE(SUBSTITUTE(TEXT(F4,"0"),"0","₀"),"1","₁"),"2","₂"),"3","₃"),"4","₄"),"5","₅"),"6","₆"),"7","₇"),"8","₈"),"9","₉")) -> S₂ | G5: =IF(G3="","",G3&SUBSTITUTE(SUBSTITUTE(SUBSTITUTE(SUBSTITUTE(SUBSTITUTE(SUBSTITUTE(SUBSTITUTE(SUBSTITUTE(SUBSTITUTE(SUBSTITUTE(TEXT(G4,"0"),"0","₀"),"1","₁"),"2","₂"),"3","₃"),"4","₄"),"5","₅"),"6","₆"),"7","₇"),"8","₈"),"9","₉")) | H5: =IF(H3="","",H3&SUBSTITUTE(SUBSTITUTE(SUBSTITUTE(SUBSTITUTE(SUBSTITUTE(SUBSTITUTE(SUBSTITUTE(SUBSTITUTE(SUBSTITUTE(SUBSTITUTE(TEXT(H4,"0"),"0","₀"),"1","₁"),"2","₂"),"3","₃"),"4","₄"),"5","₅"),"6","₆"),"7","₇"),"8","₈"),"9","₉")) | I5: =IF(I3="","",I3&SUBSTITUTE(SUBSTITUTE(SUBSTITUTE(SUBSTITUTE(SUBSTITUTE(SUBSTITUTE(SUBSTITUTE(SUBSTITUTE(SUBSTITUTE(SUBSTITUTE(TEXT(I4,"0"),"0","₀"),"1","₁"),"2","₂"),"3","₃"),"4","₄"),"5","₅"),"6","₆"),"7","₇"),"8","₈"),"9","₉")) | ... AA5: =IF(AA3="","",AA3&SUBSTITUTE(SUBSTITUTE(SUBSTITUTE(SUBSTITUTE(SUBSTITUTE(SUBSTITUTE(SUBSTITUTE(SUBSTITUTE(SUBSTITUTE(SUBSTITUTE(TEXT(AA4,"0"),"0","₀"),"1","₁"),"2","₂"),"3","₃"),"4","₄"),"5","₅"),"6","₆"),"7","₇"),"8","₈"),"9","₉"))
A6: 电荷数 z | B6: 1
A7: 分子式 | B7: =IFERROR(CONCATENATE(B5,C5,D5,E5,F5,G5,H5,I5,J5,K5,L5,M5,N5,O5,P5,Q5,R5,S5,T5,U5,V5,W5,X5,Y5,Z5,AA5),"")&IF(B6=0,"",IF(ABS(B6)=1,"",SUBSTITUTE(SUBSTITUTE(SUBSTITUTE(SUBSTITUTE(SUBSTITUTE(SUBSTITUTE(SUBSTITUTE(SUBSTITUTE(SUBSTITUTE(SUBSTITUTE(TEXT(ABS(B6),"0"),"0","⁰"),"1","¹"),"2","²"),"3","³"),"4","⁴"),"5","⁵"),"6","⁶"),"7","⁷"),"8","⁸"),"9","⁹"))&IF(B6>0,"⁺","⁻")) -> C₁₃₄H₁₉₈O₃₅N₂₈S₂⁺
A9: 精确分子量 M (neutral, monoisotopic) | B9: =SUM(30:30) -> 2823.4016
A10: M+1 同位素峰 (neutral) | B10: =SUM(30:30)+IF(SUM(26:26)=0,0,SUM(31:31)/SUM(26:26)) -> 2824.4045
A11: M+2 同位素峰 (neutral) | B11: =SUM(30:30)+IF(SUM(27:27)+SUM(28:28)+(SUM(26:26)^2-SUM(29:29))/2=0,0,(SUM(32:32)+SUM(33:33)+SUM(26:26)*SUM(31:31)-SUM(34:34))/(SUM(27:27)+SUM(28:28)+(SUM(26:26)^2-SUM(29:29))/2)) -> 2825.4068
A13: m/z 值 (带电荷)
A14: m/z (M) | B14: =(B9-$B$6*IsotopeData!$B$2)/$B$6 -> 2823.401
A15: m/z (M+1) | B15: =(B10-$B$6*IsotopeData!$B$2)/$B$6 -> 2824.404
A16: m/z (M+2) | B16: =(B11-$B$6*IsotopeData!$B$2)/$B$6 -> 2825.4062
A18: 相对丰度
A19: M 丰度 | B19: 1
A20: M+1 丰度 | B20: =SUM(26:26) -> 1.6034961
A21: M+2 丰度 | B21: =SUM(27:27)+SUM(28:28)+(SUM(26:26)^2-SUM(29:29))/2 -> 1.438917
A26: count * +1Ratio | B26: =B4*IF(B3="",0,VLOOKUP(B3,IsotopeData!$A$2:$K$21,6,FALSE)) -> 1.4493076 | C26: =C4*IF(C3="",0,VLOOKUP(C3,IsotopeData!$A$2:$K$21,6,FALSE)) -> 0.022772619 | D26: =D4*IF(D3="",0,VLOOKUP(D3,IsotopeData!$A$2:$K$21,6,FALSE)) -> 0.013332398 | E26: =E4*IF(E3="",0,VLOOKUP(E3,IsotopeData!$A$2:$K$21,6,FALSE)) -> 0.10229234 | F26: =F4*IF(F3="",0,VLOOKUP(F3,IsotopeData!$A$2:$K$21,6,FALSE)) -> 0.015791136 | G26: =G4*IF(G3="",0,VLOOKUP(G3,IsotopeData!$A$2:$K$21,6,FALSE)) -> 0 | H26: =H4*IF(H3="",0,VLOOKUP(H3,IsotopeData!$A$2:$K$21,6,FALSE)) -> 0 | I26: =I4*IF(I3="",0,VLOOKUP(I3,IsotopeData!$A$2:$K$21,6,FALSE)) -> 0 | ... AA26: =AA4*IF(AA3="",0,VLOOKUP(AA3,IsotopeData!$A$2:$K$21,6,FALSE)) -> 0
A27: count * +2Ratio | B27: =B4*IF(B3="",0,VLOOKUP(B3,IsotopeData!$A$2:$K$21,10,FALSE)) -> 0 | C27: =C4*IF(C3="",0,VLOOKUP(C3,IsotopeData!$A$2:$K$21,10,FALSE)) -> 0 | D27: =D4*IF(D3="",0,VLOOKUP(D3,IsotopeData!$A$2:$K$21,10,FALSE)) -> 0.071924777 | E27: =E4*IF(E3="",0,VLOOKUP(E3,IsotopeData!$A$2:$K$21,10,FALSE)) -> 0 | F27: =F4*IF(F3="",0,VLOOKUP(F3,IsotopeData!$A$2:$K$21,10,FALSE)) -> 0.089483103 | G27: =G4*IF(G3="",0,VLOOKUP(G3,IsotopeData!$A$2:$K$21,10,FALSE)) -> 0 | H27: =H4*IF(H3="",0,VLOOKUP(H3,IsotopeData!$A$2:$K$21,10,FALSE)) -> 0 | I27: =I4*IF(I3="",0,VLOOKUP(I3,IsotopeData!$A$2:$K$21,10,FALSE)) -> 0 | ... AA27: =AA4*IF(AA3="",0,VLOOKUP(AA3,IsotopeData!$A$2:$K$21,10,FALSE)) -> 0
A28: count*(count-1)/2 * +1Ratio^2 | B28: =B4*(B4-1)/2*IF(B3="",0,VLOOKUP(B3,IsotopeData!$A$2:$K$21,6,FALSE))^2 -> 1.0424086 | C28: =C4*(C4-1)/2*IF(C3="",0,VLOOKUP(C3,IsotopeData!$A$2:$K$21,6,FALSE))^2 -> 0.00025798651 | D28: =D4*(D4-1)/2*IF(D3="",0,VLOOKUP(D3,IsotopeData!$A$2:$K$21,6,FALSE))^2 -> 8.6337088e-05 | E28: =E4*(E4-1)/2*IF(E3="",0,VLOOKUP(E3,IsotopeData!$A$2:$K$21,6,FALSE))^2 -> 0.0050450096 | F28: =F4*(F4-1)/2*IF(F3="",0,VLOOKUP(F3,IsotopeData!$A$2:$K$21,6,FALSE))^2 -> 6.2339993e-05 | G28: =G4*(G4-1)/2*IF(G3="",0,VLOOKUP(G3,IsotopeData!$A$2:$K$21,6,FALSE))^2 -> 0 | H28: =H4*(H4-1)/2*IF(H3="",0,VLOOKUP(H3,IsotopeData!$A$2:$K$21,6,FALSE))^2 -> 0 | I28: =I4*(I4-1)/2*IF(I3="",0,VLOOKUP(I3,IsotopeData!$A$2:$K$21,6,FALSE))^2 -> 0 | ... AA28: =AA4*(AA4-1)/2*IF(AA3="",0,VLOOKUP(AA3,IsotopeData!$A$2:$K$21,6,FALSE))^2 -> 0
A29: (count * +1Ratio)^2 | B29: =(B4*IF(B3="",0,VLOOKUP(B3,IsotopeData!$A$2:$K$21,6,FALSE)))^2 -> 2.1004925 | C29: =(C4*IF(C3="",0,VLOOKUP(C3,IsotopeData!$A$2:$K$21,6,FALSE)))^2 -> 0.00051859217 | D29: =(D4*IF(D3="",0,VLOOKUP(D3,IsotopeData!$A$2:$K$21,6,FALSE)))^2 -> 0.00017775283 | E29: =(E4*IF(E3="",0,VLOOKUP(E3,IsotopeData!$A$2:$K$21,6,FALSE)))^2 -> 0.010463724 | F29: =(F4*IF(F3="",0,VLOOKUP(F3,IsotopeData!$A$2:$K$21,6,FALSE)))^2 -> 0.00024935997 | G29: =(G4*IF(G3="",0,VLOOKUP(G3,IsotopeData!$A$2:$K$21,6,FALSE)))^2 -> 0 | H29: =(H4*IF(H3="",0,VLOOKUP(H3,IsotopeData!$A$2:$K$21,6,FALSE)))^2 -> 0 | I29: =(I4*IF(I3="",0,VLOOKUP(I3,IsotopeData!$A$2:$K$21,6,FALSE)))^2 -> 0 | ... AA29: =(AA4*IF(AA3="",0,VLOOKUP(AA3,IsotopeData!$A$2:$K$21,6,FALSE)))^2 -> 0
A30: count * MainMass | B30: =B4*IF(B3="",0,VLOOKUP(B3,IsotopeData!$A$2:$K$21,2,FALSE)) -> 1608 | C30: =C4*IF(C3="",0,VLOOKUP(C3,IsotopeData!$A$2:$K$21,2,FALSE)) -> 199.54936 | D30: =D4*IF(D3="",0,VLOOKUP(D3,IsotopeData!$A$2:$K$21,2,FALSE)) -> 559.82201 | E30: =E4*IF(E3="",0,VLOOKUP(E3,IsotopeData!$A$2:$K$21,2,FALSE)) -> 392.08607 | F30: =F4*IF(F3="",0,VLOOKUP(F3,IsotopeData!$A$2:$K$21,2,FALSE)) -> 63.944142 | G30: =G4*IF(G3="",0,VLOOKUP(G3,IsotopeData!$A$2:$K$21,2,FALSE)) -> 0 | H30: =H4*IF(H3="",0,VLOOKUP(H3,IsotopeData!$A$2:$K$21,2,FALSE)) -> 0 | I30: =I4*IF(I3="",0,VLOOKUP(I3,IsotopeData!$A$2:$K$21,2,FALSE)) -> 0 | ... AA30: =AA4*IF(AA3="",0,VLOOKUP(AA3,IsotopeData!$A$2:$K$21,2,FALSE)) -> 0
A31: count * +1Ratio * +1Delta | B31: =B4*IF(B3="",0,VLOOKUP(B3,IsotopeData!$A$2:$K$21,6,FALSE))*IF(B3="",0,VLOOKUP(B3,IsotopeData!$A$2:$K$21,7,FALSE)) -> 1.4541698 | C31: =C4*IF(C3="",0,VLOOKUP(C3,IsotopeData!$A$2:$K$21,6,FALSE))*IF(C3="",0,VLOOKUP(C3,IsotopeData!$A$2:$K$21,7,FALSE)) -> 0.022915557 | D31: =D4*IF(D3="",0,VLOOKUP(D3,IsotopeData!$A$2:$K$21,6,FALSE))*IF(D3="",0,VLOOKUP(D3,IsotopeData!$A$2:$K$21,7,FALSE)) -> 0.013388622 | E31: =E4*IF(E3="",0,VLOOKUP(E3,IsotopeData!$A$2:$K$21,6,FALSE))*IF(E3="",0,VLOOKUP(E3,IsotopeData!$A$2:$K$21,7,FALSE)) -> 0.10198904 | F31: =F4*IF(F3="",0,VLOOKUP(F3,IsotopeData!$A$2:$K$21,6,FALSE))*IF(F3="",0,VLOOKUP(F3,IsotopeData!$A$2:$K$21,7,FALSE)) -> 0.015781468 | G31: =G4*IF(G3="",0,VLOOKUP(G3,IsotopeData!$A$2:$K$21,6,FALSE))*IF(G3="",0,VLOOKUP(G3,IsotopeData!$A$2:$K$21,7,FALSE)) -> 0 | H31: =H4*IF(H3="",0,VLOOKUP(H3,IsotopeData!$A$2:$K$21,6,FALSE))*IF(H3="",0,VLOOKUP(H3,IsotopeData!$A$2:$K$21,7,FALSE)) -> 0 | I31: =I4*IF(I3="",0,VLOOKUP(I3,IsotopeData!$A$2:$K$21,6,FALSE))*IF(I3="",0,VLOOKUP(I3,IsotopeData!$A$2:$K$21,7,FALSE)) -> 0 | ... AA31: =AA4*IF(AA3="",0,VLOOKUP(AA3,IsotopeData!$A$2:$K$21,6,FALSE))*IF(AA3="",0,VLOOKUP(AA3,IsotopeData!$A$2:$K$21,7,FALSE)) -> 0
A32: count * +2Ratio * +2Delta | B32: =B4*IF(B3="",0,VLOOKUP(B3,IsotopeData!$A$2:$K$21,10,FALSE))*IF(B3="",0,VLOOKUP(B3,IsotopeData!$A$2:$K$21,11,FALSE)) -> 0 | C32: =C4*IF(C3="",0,VLOOKUP(C3,IsotopeData!$A$2:$K$21,10,FALSE))*IF(C3="",0,VLOOKUP(C3,IsotopeData!$A$2:$K$21,11,FALSE)) -> 0 | D32: =D4*IF(D3="",0,VLOOKUP(D3,IsotopeData!$A$2:$K$21,10,FALSE))*IF(D3="",0,VLOOKUP(D3,IsotopeData!$A$2:$K$21,11,FALSE)) -> 0.14415487 | E32: =E4*IF(E3="",0,VLOOKUP(E3,IsotopeData!$A$2:$K$21,10,FALSE))*IF(E3="",0,VLOOKUP(E3,IsotopeData!$A$2:$K$21,11,FALSE)) -> 0 | F32: =F4*IF(F3="",0,VLOOKUP(F3,IsotopeData!$A$2:$K$21,10,FALSE))*IF(F3="",0,VLOOKUP(F3,IsotopeData!$A$2:$K$21,11,FALSE)) -> 0.17859 | G32: =G4*IF(G3="",0,VLOOKUP(G3,IsotopeData!$A$2:$K$21,10,FALSE))*IF(G3="",0,VLOOKUP(G3,IsotopeData!$A$2:$K$21,11,FALSE)) -> 0 | H32: =H4*IF(H3="",0,VLOOKUP(H3,IsotopeData!$A$2:$K$21,10,FALSE))*IF(H3="",0,VLOOKUP(H3,IsotopeData!$A$2:$K$21,11,FALSE)) -> 0 | I32: =I4*IF(I3="",0,VLOOKUP(I3,IsotopeData!$A$2:$K$21,10,FALSE))*IF(I3="",0,VLOOKUP(I3,IsotopeData!$A$2:$K$21,11,FALSE)) -> 0 | ... AA32: =AA4*IF(AA3="",0,VLOOKUP(AA3,IsotopeData!$A$2:$K$21,10,FALSE))*IF(AA3="",0,VLOOKUP(AA3,IsotopeData!$A$2:$K$21,11,FALSE)) -> 0
A33: count*(count-1) * +1Ratio^2 * +1Delta | B33: =B4*(B4-1)*IF(B3="",0,VLOOKUP(B3,IsotopeData!$A$2:$K$21,6,FALSE))^2*IF(B3="",0,VLOOKUP(B3,IsotopeData!$A$2:$K$21,7,FALSE)) -> 2.0918114 | C33: =C4*(C4-1)*IF(C3="",0,VLOOKUP(C3,IsotopeData!$A$2:$K$21,6,FALSE))^2*IF(C3="",0,VLOOKUP(C3,IsotopeData!$A$2:$K$21,7,FALSE)) -> 0.00051921165 | D33: =D4*(D4-1)*IF(D3="",0,VLOOKUP(D3,IsotopeData!$A$2:$K$21,6,FALSE))^2*IF(D3="",0,VLOOKUP(D3,IsotopeData!$A$2:$K$21,7,FALSE)) -> 0.00017340237 | E33: =E4*(E4-1)*IF(E3="",0,VLOOKUP(E3,IsotopeData!$A$2:$K$21,6,FALSE))^2*IF(E3="",0,VLOOKUP(E3,IsotopeData!$A$2:$K$21,7,FALSE)) -> 0.010060101 | F33: =F4*(F4-1)*IF(F3="",0,VLOOKUP(F3,IsotopeData!$A$2:$K$21,6,FALSE))^2*IF(F3="",0,VLOOKUP(F3,IsotopeData!$A$2:$K$21,7,FALSE)) -> 0.00012460365 | G33: =G4*(G4-1)*IF(G3="",0,VLOOKUP(G3,IsotopeData!$A$2:$K$21,6,FALSE))^2*IF(G3="",0,VLOOKUP(G3,IsotopeData!$A$2:$K$21,7,FALSE)) -> 0 | H33: =H4*(H4-1)*IF(H3="",0,VLOOKUP(H3,IsotopeData!$A$2:$K$21,6,FALSE))^2*IF(H3="",0,VLOOKUP(H3,IsotopeData!$A$2:$K$21,7,FALSE)) -> 0 | I33: =I4*(I4-1)*IF(I3="",0,VLOOKUP(I3,IsotopeData!$A$2:$K$21,6,FALSE))^2*IF(I3="",0,VLOOKUP(I3,IsotopeData!$A$2:$K$21,7,FALSE)) -> 0 | ... AA33: =AA4*(AA4-1)*IF(AA3="",0,VLOOKUP(AA3,IsotopeData!$A$2:$K$21,6,FALSE))^2*IF(AA3="",0,VLOOKUP(AA3,IsotopeData!$A$2:$K$21,7,FALSE)) -> 0
A34: (count * +1Ratio)^2 * +1Delta | B34: =(B4*IF(B3="",0,VLOOKUP(B3,IsotopeData!$A$2:$K$21,6,FALSE)))^2*IF(B3="",0,VLOOKUP(B3,IsotopeData!$A$2:$K$21,7,FALSE)) -> 2.1075393 | C34: =(C4*IF(C3="",0,VLOOKUP(C3,IsotopeData!$A$2:$K$21,6,FALSE)))^2*IF(C3="",0,VLOOKUP(C3,IsotopeData!$A$2:$K$21,7,FALSE)) -> 0.00052184724 | D34: =(D4*IF(D3="",0,VLOOKUP(D3,IsotopeData!$A$2:$K$21,6,FALSE)))^2*IF(D3="",0,VLOOKUP(D3,IsotopeData!$A$2:$K$21,7,FALSE)) -> 0.00017850244 | E34: =(E4*IF(E3="",0,VLOOKUP(E3,IsotopeData!$A$2:$K$21,6,FALSE)))^2*IF(E3="",0,VLOOKUP(E3,IsotopeData!$A$2:$K$21,7,FALSE)) -> 0.010432698 | F34: =(F4*IF(F3="",0,VLOOKUP(F3,IsotopeData!$A$2:$K$21,6,FALSE)))^2*IF(F3="",0,VLOOKUP(F3,IsotopeData!$A$2:$K$21,7,FALSE)) -> 0.0002492073 | G34: =(G4*IF(G3="",0,VLOOKUP(G3,IsotopeData!$A$2:$K$21,6,FALSE)))^2*IF(G3="",0,VLOOKUP(G3,IsotopeData!$A$2:$K$21,7,FALSE)) -> 0 | H34: =(H4*IF(H3="",0,VLOOKUP(H3,IsotopeData!$A$2:$K$21,6,FALSE)))^2*IF(H3="",0,VLOOKUP(H3,IsotopeData!$A$2:$K$21,7,FALSE)) -> 0 | I34: =(I4*IF(I3="",0,VLOOKUP(I3,IsotopeData!$A$2:$K$21,6,FALSE)))^2*IF(I3="",0,VLOOKUP(I3,IsotopeData!$A$2:$K$21,7,FALSE)) -> 0 | ... AA34: =(AA4*IF(AA3="",0,VLOOKUP(AA3,IsotopeData!$A$2:$K$21,6,FALSE)))^2*IF(AA3="",0,VLOOKUP(AA3,IsotopeData!$A$2:$K$21,7,FALSE)) -> 0
A36: 使用说明：
A37: 第3行下拉选择元素符号，第4行输入原子个数
A38: 第6行输入电荷数z，自动显示分子式电荷 (1→⁺, -1→⁻, 2→²⁺)
A39: 支持元素: H, C, N, O, F, Si, P, S, Cl, Br, I, Na, Mg, Al, K, Ca, Fe, Cu, Zn
A40: 电子质量 m_e = 0.000548579909 u | 数据来源: NIST SRD 144
